MDVP:Fo(Hz),MDVP:Fhi(Hz),MDVP:Flo(Hz),MDVP:Jitter(%),MDVP:Jitter(Abs),MDVP:RAP,MDVP:PPQ,Jitter:DDP,MDVP:Shimmer,MDVP:Shimmer(dB),Shimmer:APQ3,Shimmer:APQ5,MDVP:APQ,Shimmer:DDA,NHR,HNR,RPDE,DFA,spread1,spread2,D2,PPE
119.992,157.302,74.997,0.00784,0.00007,0.00370,0.00530,0.01700,0.03200,0.203,0.01100,0.01700,0.01400,0.05300,0.02200,21.101,0.436,0.667,-4.148,0.241,2.301,0.124
220.031,260.705,180.120,0.00420,0.00004,0.00150,0.00200,0.00900,0.01800,0.120,0.00700,0.00900,0.00800,0.02800,0.01500,25.300,0.348,0.689,-3.500,0.192,2.100,0.082
